<?xml version="1.0"?>
<!DOCTYPE modification SYSTEM "http://www.simplemachines.org/xml/modification">
<modification xmlns="http://www.simplemachines.org/xml/modification" xmlns:smf="http://www.simplemachines.org/">
	<id>iBeNifty:PM_Subject_URL</id>
	<version>1.0</version>
	
	<file name="$sourcedir/PersonalMessage.php">	
		<operation>
			<search position="before"><![CDATA[// Set the defaults...]]></search>
			<add><![CDATA[if (isset($_GET['subject']))
		$form_subject = $_GET['subject'];]]></add>
		</operation>

	</file>
</modification>