<?xml version="1.0"?>
<!DOCTYPE package-info SYSTEM "http://www.simplemachines.org/xml/package-info">
<package-info xmlns="http://www.simplemachines.org/xml/package-info" xmlns:smf="http://www.simplemachines.org/">
	<id>iBeNifty:PM_Subject_URL</id>
	<name>PM Subject As URL Parameter</name>
	<version>1.0</version>
	<type>modification</type>

	<install for="2.0 - 2.99.99">
		<readme parsebbc="true">readme.txt</readme>
		<modification>modification_2.xml</modification>
	</install>

	<uninstall for="2.0 - 2.99.99">
		<modification reverse="true">modification_2.xml</modification>
	</uninstall>
</package-info>